Workbook

Sheet Propostas de Alteração
A1: ID | B1: N.º PA | C1: Data Entrada | D1: Versão | E1: Partido | F1: Deputado/Proponente | G1: Artigo Alterado | H1: Tipo de PA | I1: Tema | J1: Área Governativa | K1: Ministério | L1: Descrição Sumária | M1: Impacto Receita (€) | N1: Impacto Despesa (€) | O1: Fonte da Estimativa | P1: Medida Anunciada (S/N) | Q1: Relevância | R1: Necessita Análise Jurídica (S/N) | S1: Estado | T1: Resultado Votação | U1: Sentido de Voto | V1: Data Votação | W1: Observações | X1: Tema AR | Y1: Epígrafe do artigo (AR) | Z1: Diplomas alterados (AR) | AA1: Incide | AB1: Tipo (AR) | AC1: Estado (AR) | AD1: Avocação a Plenário | AE1: Requerimentos (AR) | AF1: Parecer Regiões Autónomas (AR) | AG1: Ministério (AR) | AH1: Parte | AI1: N.º de votações | AJ1: ID AR | AK1: Ligação AR | AL1: PDF | AM1: Primeira captura | AN1: Última captura | AO1: Ausente da fonte

Sheet Medidas Anunciadas
A1: ID | B1: Data do Anúncio | C1: Partido | D1: Quem Anunciou | E1: Natureza | F1: Medida Anunciada | G1: Tema | H1: Valor Anunciado | I1: Canal Oficial | J1: Ligação | K1: Entregue como PA (S/N) | L1: N.º PA Associada | M1: Observações

Sheet Ponto de Situação
A1: Propostas de alteração à Proposta de Lei n.º 110/XVII/2.ª (Orçamento do Estado para 2027)
A2: Última atualização: | B2: 27/10/2026, 10h08 UTC
A3: Situação na fonte oficial: | B3: Sem propostas de alteração publicadas pela AR. Registo a partir de 29/10/2026, 09h00 (início do prazo de inserção, segundo o calendário da AR).
A5: Total de PA registadas | B5: =COUNTA('Propostas de Alteração'!B2:B5001)
A7: Por partido
A8: Partido | B8: N.º PA | C8: Aprovadas | D8: Rejeitadas
A9: PSD | B9: =COUNTIF('Propostas de Alteração'!$E$2:$E$5001,A9) | C9: =COUNTIFS('Propostas de Alteração'!$E$2:$E$5001,A9,'Propostas de Alteração'!$T$2:$T$5001,"Aprovada") | D9: =COUNTIFS('Propostas de Alteração'!$E$2:$E$5001,A9,'Propostas de Alteração'!$T$2:$T$5001,"Rejeitada")
A10: CH | B10: =COUNTIF('Propostas de Alteração'!$E$2:$E$5001,A10) | C10: =COUNTIFS('Propostas de Alteração'!$E$2:$E$5001,A10,'Propostas de Alteração'!$T$2:$T$5001,"Aprovada") | D10: =COUNTIFS('Propostas de Alteração'!$E$2:$E$5001,A10,'Propostas de Alteração'!$T$2:$T$5001,"Rejeitada")
A11: PS | B11: =COUNTIF('Propostas de Alteração'!$E$2:$E$5001,A11) | C11: =COUNTIFS('Propostas de Alteração'!$E$2:$E$5001,A11,'Propostas de Alteração'!$T$2:$T$5001,"Aprovada") | D11: =COUNTIFS('Propostas de Alteração'!$E$2:$E$5001,A11,'Propostas de Alteração'!$T$2:$T$5001,"Rejeitada")
A12: IL | B12: =COUNTIF('Propostas de Alteração'!$E$2:$E$5001,A12) | C12: =COUNTIFS('Propostas de Alteração'!$E$2:$E$5001,A12,'Propostas de Alteração'!$T$2:$T$5001,"Aprovada") | D12: =COUNTIFS('Propostas de Alteração'!$E$2:$E$5001,A12,'Propostas de Alteração'!$T$2:$T$5001,"Rejeitada")
A13: L | B13: =COUNTIF('Propostas de Alteração'!$E$2:$E$5001,A13) | C13: =COUNTIFS('Propostas de Alteração'!$E$2:$E$5001,A13,'Propostas de Alteração'!$T$2:$T$5001,"Aprovada") | D13: =COUNTIFS('Propostas de Alteração'!$E$2:$E$5001,A13,'Propostas de Alteração'!$T$2:$T$5001,"Rejeitada")
A14: PCP | B14: =COUNTIF('Propostas de Alteração'!$E$2:$E$5001,A14) | C14: =COUNTIFS('Propostas de Alteração'!$E$2:$E$5001,A14,'Propostas de Alteração'!$T$2:$T$5001,"Aprovada") | D14: =COUNTIFS('Propostas de Alteração'!$E$2:$E$5001,A14,'Propostas de Alteração'!$T$2:$T$5001,"Rejeitada")
A15: CDS-PP | B15: =COUNTIF('Propostas de Alteração'!$E$2:$E$5001,A15) | C15: =COUNTIFS('Propostas de Alteração'!$E$2:$E$5001,A15,'Propostas de Alteração'!$T$2:$T$5001,"Aprovada") | D15: =COUNTIFS('Propostas de Alteração'!$E$2:$E$5001,A15,'Propostas de Alteração'!$T$2:$T$5001,"Rejeitada")
A16: BE | B16: =COUNTIF('Propostas de Alteração'!$E$2:$E$5001,A16) | C16: =COUNTIFS('Propostas de Alteração'!$E$2:$E$5001,A16,'Propostas de Alteração'!$T$2:$T$5001,"Aprovada") | D16: =COUNTIFS('Propostas de Alteração'!$E$2:$E$5001,A16,'Propostas de Alteração'!$T$2:$T$5001,"Rejeitada")
A17: PAN | B17: =COUNTIF('Propostas de Alteração'!$E$2:$E$5001,A17) | C17: =COUNTIFS('Propostas de Alteração'!$E$2:$E$5001,A17,'Propostas de Alteração'!$T$2:$T$5001,"Aprovada") | D17: =COUNTIFS('Propostas de Alteração'!$E$2:$E$5001,A17,'Propostas de Alteração'!$T$2:$T$5001,"Rejeitada")
A18: JPP | B18: =COUNTIF('Propostas de Alteração'!$E$2:$E$5001,A18) | C18: =COUNTIFS('Propostas de Alteração'!$E$2:$E$5001,A18,'Propostas de Alteração'!$T$2:$T$5001,"Aprovada") | D18: =COUNTIFS('Propostas de Alteração'!$E$2:$E$5001,A18,'Propostas de Alteração'!$T$2:$T$5001,"Rejeitada")
A19: Deputado único/não inscrito | B19: =COUNTIF('Propostas de Alteração'!$E$2:$E$5001,A19) | C19: =COUNTIFS('Propostas de Alteração'!$E$2:$E$5001,A19,'Propostas de Alteração'!$T$2:$T$5001,"Aprovada") | D19: =COUNTIFS('Propostas de Alteração'!$E$2:$E$5001,A19,'Propostas de Alteração'!$T$2:$T$5001,"Rejeitada")
A20: Vários | B20: =COUNTIF('Propostas de Alteração'!$E$2:$E$5001,A20) | C20: =COUNTIFS('Propostas de Alteração'!$E$2:$E$5001,A20,'Propostas de Alteração'!$T$2:$T$5001,"Aprovada") | D20: =COUNTIFS('Propostas de Alteração'!$E$2:$E$5001,A20,'Propostas de Alteração'!$T$2:$T$5001,"Rejeitada")
A21: Total | B21: =SUM(B9:B20) | C21: =SUM(C9:C20) | D21: =SUM(D9:D20)
A23: Por resultado da votação
A24: Resultado | B24: N.º PA
A25: Aprovada | B25: =COUNTIF('Propostas de Alteração'!$T$2:$T$5001,A25)
A26: Rejeitada | B26: =COUNTIF('Propostas de Alteração'!$T$2:$T$5001,A26)
A27: Prejudicada | B27: =COUNTIF('Propostas de Alteração'!$T$2:$T$5001,A27)
A28: Retirada | B28: =COUNTIF('Propostas de Alteração'!$T$2:$T$5001,A28)
A29: Aprovada parcialmente | B29: =COUNTIF('Propostas de Alteração'!$T$2:$T$5001,A29)
A30: Sem resultado registado | B30: =B5-SUM(B25:B29)
A32: Por tipo de PA
A33: Tipo de PA | B33: N.º PA | C33: Impacto Receita (€) | D33: Impacto Despesa (€)
A34: Receita | B34: =COUNTIF('Propostas de Alteração'!$H$2:$H$5001,A34) | C34: =SUMIF('Propostas de Alteração'!$H$2:$H$5001,A34,'Propostas de Alteração'!$M$2:$M$5001) | D34: =SUMIF('Propostas de Alteração'!$H$2:$H$5001,A34,'Propostas de Alteração'!$N$2:$N$5001)
A35: Despesa | B35: =COUNTIF('Propostas de Alteração'!$H$2:$H$5001,A35) | C35: =SUMIF('Propostas de Alteração'!$H$2:$H$5001,A35,'Propostas de Alteração'!$M$2:$M$5001) | D35: =SUMIF('Propostas de Alteração'!$H$2:$H$5001,A35,'Propostas de Alteração'!$N$2:$N$5001)
A36: Norma orçamental | B36: =COUNTIF('Propostas de Alteração'!$H$2:$H$5001,A36) | C36: =SUMIF('Propostas de Alteração'!$H$2:$H$5001,A36,'Propostas de Alteração'!$M$2:$M$5001) | D36: =SUMIF('Propostas de Alteração'!$H$2:$H$5001,A36,'Propostas de Alteração'!$N$2:$N$5001)
A37: Alteração a legislação avulsa | B37: =COUNTIF('Propostas de Alteração'!$H$2:$H$5001,A37) | C37: =SUMIF('Propostas de Alteração'!$H$2:$H$5001,A37,'Propostas de Alteração'!$M$2:$M$5001) | D37: =SUMIF('Propostas de Alteração'!$H$2:$H$5001,A37,'Propostas de Alteração'!$N$2:$N$5001)
A38: Autorização legislativa | B38: =COUNTIF('Propostas de Alteração'!$H$2:$H$5001,A38) | C38: =SUMIF('Propostas de Alteração'!$H$2:$H$5001,A38,'Propostas de Alteração'!$M$2:$M$5001) | D38: =SUMIF('Propostas de Alteração'!$H$2:$H$5001,A38,'Propostas de Alteração'!$N$2:$N$5001)
A40: Nota: os impactos somam apenas os valores registados; PA sem quantificação na fonte não são contabilizadas.

Sheet Listas
A1: Versão | B1: Partido | C1: Tipo de PA | D1: SN | E1: Relevância | F1: Estado | G1: Resultado
A2: Original | B2: PSD | C2: Receita | D2: S | E2: Alta | F2: Entregue | G2: Aprovada
A3: Substituição | B3: CH | C3: Despesa | D3: N | E3: Média | F3: Admitida | G3: Rejeitada
A4: Retirada | B4: PS | C4: Norma orçamental | E4: Baixa | F4: Substituída | G4: Prejudicada
B5: IL | C5: Alteração a legislação avulsa | F5: Retirada | G5: Retirada
B6: L | C6: Autorização legislativa | F6: Em votação | G6: Aprovada parcialmente
B7: PCP | F7: Votada
B8: CDS-PP | F8: Avocada a Plenário
B9: BE
B10: PAN
B11: JPP
B12: Deputado único/não inscrito
B13: Vários

Sheet Instruções
A1: Instruções de preenchimento
A2: Um registo por proposta de alteração (PA). Preencher apenas com informação constante de fontes oficiais. Quando a fonte não indicar o valor, deixar a célula em branco e referir a ausência em Observações.
A4: Campo | B4: Conteúdo | C4: Valores admissíveis / formato
A5: ID | B5: Número sequencial interno do registo. | C5: Inteiro (1, 2, 3…)
A6: N.º PA | B6: Número atribuído à PA pela Assembleia da República. | C6: Conforme publicado pela AR
A7: Data Entrada | B7: Data de entrada da PA na AR. | C7: DD/MM/AAAA
A8: Versão | B8: Versão da PA. Cada PA mantém o número original; as substituições registam-se em nova linha. | C8: Original · Substituição · Retirada
A9: Partido | B9: Grupo parlamentar ou partido proponente. | C9: PSD · CH · PS · IL · L · PCP · CDS-PP · BE · PAN · JPP · Deputado único/não inscrito · Vários
A10: Deputado/Proponente | B10: Deputado(s) subscritor(es), conforme a PA. | C10: Texto
A11: Artigo Alterado | B11: Artigo ou mapa da Proposta de Lei alterado, aditado ou eliminado. | C11: Ex.: formato «Art. n.º (alteração)», «Artigo novo», «Mapa n.º»
A12: Tipo de PA | B12: Natureza da PA. | C12: Receita · Despesa · Norma orçamental · Alteração a legislação avulsa · Autorização legislativa
A13: Tema | B13: Tema da PA. | C13: Texto (taxonomia a fixar pela DACDP)
A14: Área Governativa | B14: Área governativa abrangida. | C14: Texto, conforme a orgânica do Governo
A15: Ministério | B15: Ministério responsável pela execução. | C15: Texto, conforme a orgânica do Governo
... A27: Observações | B27: Fonte (com ligação), ausência de dados, avocação, histórico de versões e outras notas. | C27: Texto
A29: Preenchimento automático pela UPE
A30: As colunas B, C, E, F, G, L, S, T, U e V e as ligações em W são preenchidas a partir dos dados abertos da Assembleia da República em cada captura automática. As colunas X em diante são informação adicional publicada pela AR: tema, epígrafe, diplomas alterados, incidência, natureza e estado da PA, avocação, requerimentos, pareceres das Regiões Autónomas, identificadores e ligações. As restantes colunas do modelo (D, H a K, M a R e o texto de W) são da DACDP e nunca são alteradas pela sincronização.
A32: Fontes oficiais
A33: Ficha da proposta de lei | B33: https://www.parlamento.pt/ActividadeParlamentar/Paginas/DetalheIniciativa.aspx?BID=377352
A34: Página do OE na COFAP | B34: https://www.parlamento.pt/sites/COM/XVIILeg/5COFAP/Paginas/OE2027.aspx
A35: Calendário de apreciação | B35: https://www.parlamento.pt/Documents/2026/outubro/calendario-OE2027.pdf
A36: Dados abertos — Orçamento do Estado | B36: https://www.parlamento.pt/Cidadania/Paginas/DAOE.aspx
A37: Painel UPE | B37: https://upe-sggov.github.io/oe2027-pa/
A38: Repositório | B38: https://github.com/upe-sggov/oe2027-pa

Sheet Registo de Consultas
A1: Data/hora | B1: Fonte | C1: Ligação | D1: Resultado da consulta | E1: N.º PA novas
A2: 2026-10-27 10:07 UTC | B2: Dados abertos da AR — ficheiro de PA da edição | C2: https://www.parlamento.pt/Cidadania/Paginas/DAOE.aspx | D2: Ficheiro da edição ainda não publicado na pasta dos dados abertos. | E2: 0
A3: 2026-10-27 10:07 UTC | B3: Portal da AR — página de cada PA (reserva) | C3: https://www.parlamento.pt/OrcamentoEstado/Paginas/DetalhePropostaAlteracao.aspx?BID=… | D3: Identificadores 25391–25415: 0 PA novas, 0 atualizadas
A4: 2026-10-27 09:42 UTC | B4: Dados abertos da AR — ficheiro de PA da edição | C4: https://www.parlamento.pt/Cidadania/Paginas/DAOE.aspx | D4: Ficheiro da edição ainda não publicado na pasta dos dados abertos. | E4: 0
A5: 2026-10-27 09:42 UTC | B5: Portal da AR — página de cada PA (reserva) | C5: https://www.parlamento.pt/OrcamentoEstado/Paginas/DetalhePropostaAlteracao.aspx?BID=… | D5: Identificadores 25391–25415: 0 PA novas, 0 atualizadas
A6: 2026-10-27 09:36 UTC | B6: Dados abertos da AR — ficheiro de PA da edição | C6: https://www.parlamento.pt/Cidadania/Paginas/DAOE.aspx | D6: Ficheiro da edição ainda não publicado na pasta dos dados abertos. | E6: 0
A7: 2026-10-27 09:36 UTC | B7: Portal da AR — página de cada PA (reserva) | C7: https://www.parlamento.pt/OrcamentoEstado/Paginas/DetalhePropostaAlteracao.aspx?BID=… | D7: Identificadores 25391–25415: 0 PA novas, 0 atualizadas
A8: 2026-10-26 23:05 UTC | B8: Dados abertos da AR — ficheiro de PA da edição | C8: https://www.parlamento.pt/Cidadania/Paginas/DAOE.aspx | D8: Ficheiro da edição ainda não publicado na pasta dos dados abertos. | E8: 0
A9: 2026-10-26 23:05 UTC | B9: Portal da AR — página de cada PA (reserva) | C9: https://www.parlamento.pt/OrcamentoEstado/Paginas/DetalhePropostaAlteracao.aspx?BID=… | D9: Identificadores 25391–25415: 0 PA novas, 0 atualizadas
A10: 2026-10-26 22:49 UTC | B10: Dados abertos da AR — ficheiro de PA da edição | C10: https://www.parlamento.pt/Cidadania/Paginas/DAOE.aspx | D10: Ficheiro da edição ainda não publicado na pasta dos dados abertos. | E10: 0
A11: 2026-10-26 22:49 UTC | B11: Portal da AR — página de cada PA (reserva) | C11: https://www.parlamento.pt/OrcamentoEstado/Paginas/DetalhePropostaAlteracao.aspx?BID=… | D11: Identificadores 25391–25415: 0 PA novas, 0 atualizadas
A12: 2026-10-26 22:48 UTC | B12: Dados abertos da AR — ficheiro de PA da edição | C12: https://www.parlamento.pt/Cidadania/Paginas/DAOE.aspx | D12: Ficheiro da edição ainda não publicado na pasta dos dados abertos. | E12: 0
A13: 2026-10-26 22:48 UTC | B13: Portal da AR — página de cada PA (reserva) | C13: https://www.parlamento.pt/OrcamentoEstado/Paginas/DetalhePropostaAlteracao.aspx?BID=… | D13: Identificadores 25391–25415: 0 PA novas, 0 atualizadas
A14: 2026-10-26 22:06 UTC | B14: Dados abertos da AR — ficheiro de PA da edição | C14: https://www.parlamento.pt/Cidadania/Paginas/DAOE.aspx | D14: Ficheiro da edição ainda não publicado na pasta dos dados abertos. | E14: 0
A15: 2026-10-26 22:06 UTC | B15: Portal da AR — página de cada PA (reserva) | C15: https://www.parlamento.pt/OrcamentoEstado/Paginas/DetalhePropostaAlteracao.aspx?BID=… | D15: Identificadores 25391–25415: 0 PA novas, 0 atualizadas
A16: 2026-10-26 22:00 UTC | B16: Dados abertos da AR — ficheiro de PA da edição | C16: https://www.parlamento.pt/Cidadania/Paginas/DAOE.aspx | D16: Ficheiro da edição ainda não publicado na pasta dos dados abertos. | E16: 0
A17: 2026-10-26 22:00 UTC | B17: Portal da AR — página de cada PA (reserva) | C17: https://www.parlamento.pt/OrcamentoEstado/Paginas/DetalhePropostaAlteracao.aspx?BID=… | D17: Identificadores 25391–25415: 0 PA novas, 0 atualizadas
A18: 2026-10-26 18:47 UTC | B18: Dados abertos da AR — ficheiro de PA da edição | C18: https://www.parlamento.pt/Cidadania/Paginas/DAOE.aspx | D18: Ficheiro da edição ainda não publicado na pasta dos dados abertos. | E18: 0
A19: 2026-10-26 18:47 UTC | B19: Portal da AR — página de cada PA (reserva) | C19: https://www.parlamento.pt/OrcamentoEstado/Paginas/DetalhePropostaAlteracao.aspx?BID=… | D19: Identificadores 25391–25415: 0 PA novas, 0 atualizadas
A20: 2026-10-26 18:45 UTC | B20: Dados abertos da AR — ficheiro de PA da edição | C20: https://www.parlamento.pt/Cidadania/Paginas/DAOE.aspx | D20: Ficheiro da edição ainda não publicado na pasta dos dados abertos. | E20: 0
A21: 2026-10-26 18:45 UTC | B21: Portal da AR — página de cada PA (reserva) | C21: https://www.parlamento.pt/OrcamentoEstado/Paginas/DetalhePropostaAlteracao.aspx?BID=… | D21: Identificadores 25391–25415: 0 PA novas, 0 atualizadas
A22: 2026-10-26 18:42 UTC | B22: Portal da AR — página de cada PA (reserva) | C22: https://www.parlamento.pt/OrcamentoEstado/Paginas/DetalhePropostaAlteracao.aspx?BID=… | D22: Identificadores 25391–25415: 0 PA novas, 0 atualizadas
A23: 2026-10-26 18:41 UTC | B23: Dados abertos da AR — ficheiro de PA da edição | C23: https://www.parlamento.pt/Cidadania/Paginas/DAOE.aspx | D23: Ficheiro da edição ainda não publicado na pasta dos dados abertos. | E23: 0
A24: 2026-10-26 04:51 UTC | B24: Dados abertos da AR — ficheiro de PA da edição | C24: https://www.parlamento.pt/Cidadania/Paginas/DAOE.aspx | D24: Ficheiro da edição ainda não publicado na pasta dos dados abertos. | E24: 0
A25: 2026-10-26 04:51 UTC | B25: Portal da AR — página de cada PA (reserva) | C25: https://www.parlamento.pt/OrcamentoEstado/Paginas/DetalhePropostaAlteracao.aspx?BID=… | D25: Identificadores 25391–25415: 0 PA novas, 0 atualizadas
A26: 2026-10-26 04:39 UTC | B26: Portal da AR — pesquisa de PA | C26: https://www.parlamento.pt/OrcamentoEstado/Paginas/PesquisaPropAlteracao110XVII.aspx | D26: {"disponivel": false, "erro": ""}

Sheet Calendário e Documentos
A1: Calendário oficial e documentos publicados (situação a 27/10/2026)
A3: Data | B3: Momento / Documento | C3: Fonte oficial | D3: Observações
A4: 23/10/2026 | B4: 10h00 · COFAP · generalidade · audição do Ministro de Estado e das Finanças | C4: https://www.parlamento.pt/Documents/2026/outubro/calendario-OE2027.pdf
A5: 26/10/2026 | B5: 15h00 · COFAP · generalidade · audição da Ministra do Trabalho, Solidariedade e Segurança Social · 18h00 prazo para pareceres CPP | C5: https://www.parlamento.pt/Documents/2026/outubro/calendario-OE2027.pdf
A6: 27/10/2026 | B6: 11h00 · COFAP · parecer final · 15h00 · Plenário · debate na generalidade | C6: https://www.parlamento.pt/Documents/2026/outubro/calendario-OE2027.pdf
A7: 28/10/2026 | B7: 10h00 e 15h00 · Plenário · encerramento e votação na generalidade | C7: https://www.parlamento.pt/Documents/2026/outubro/calendario-OE2027.pdf
A8: 29/10/2026 | B8: 9h00 · início do prazo para inserção de PA (nova aplicação) · início das audições na especialidade | C8: https://www.parlamento.pt/Documents/2026/outubro/calendario-OE2027.pdf
A9: 06/11/2026 | B9: 15h00 · audição do Ministro de Estado e das Finanças · prazo para PA (nova aplicação) | C9: https://www.parlamento.pt/Documents/2026/outubro/calendario-OE2027.pdf
A10: 11/11/2026 | B10: 18h00 · distribuição e análise do 1.º guião de votação (*) | C10: https://www.parlamento.pt/Documents/2026/outubro/calendario-OE2027.pdf
A11: 12/11/2026 | B11: 13h00 · 2.º guião de votação · 18h00 · 3.º guião de votação (*) | C11: https://www.parlamento.pt/Documents/2026/outubro/calendario-OE2027.pdf
A12: 13/11/2026 | B12: 13h00 · 4.º guião de votação · 16h00 · reunião COFAP M&C (*) | C12: https://www.parlamento.pt/Documents/2026/outubro/calendario-OE2027.pdf
A13: 18/11/2026 | B13: 10h00 · Plenário · debate na especialidade · 15h00 · COFAP · votações | C13: https://www.parlamento.pt/Documents/2026/outubro/calendario-OE2027.pdf
A14: 19/11/2026 | B14: 10h00 · Plenário · debate na especialidade · 15h00 · COFAP · votações | C14: https://www.parlamento.pt/Documents/2026/outubro/calendario-OE2027.pdf
A15: 20/11/2026 | B15: 10h00 · Plenário · debate na especialidade · 15h00 · COFAP · votações | C15: https://www.parlamento.pt/Documents/2026/outubro/calendario-OE2027.pdf
... A17: 24/11/2026 | B17: 10h00 · Plenário · debate, encerramento e votação final global | C17: https://www.parlamento.pt/Documents/2026/outubro/calendario-OE2027.pdf
A18: 09/12/2026 | B18: Prazo da redação final | C18: https://www.parlamento.pt/Documents/2026/outubro/calendario-OE2027.pdf | D18: (*) De acordo com o plano de contingência para introdução de PA, este prazo poderá ser adiado em 24 horas úteis, se necessário.
A19: — | B19: Parecer ANMP - Associação Nacional de Municípios Portugueses | C19: https://app.parlamento.pt/webutils/docs/doc.pdf?path=dC9rQqNYGyJQXgcZhSAnCg10jPTqaC6nNvHbSBoxlSC7itNejkurPQvkBLoR%2fiIzdmTARYwM0qDkAhrWqLCSY1m8lb0PyKxiqtRMYKYVH19qcZFCCt%2fd%2frYVrmD5DVCJToMGVG8ZUuLpUYJoVVnMHhF8lySKxWp%2fzA6IXyFheQJs5qiHy7%2bXWY1LxM6B8QQRwIcKxfyNoT1B1%2fpvL3suta2wg9F4svRFG6h5369yu3p%2fBRUXlthfYX4A4Y84xqOEsmq%2bu7uBd5dflEc20bsJaLTZFDdoj6BKEfUOpWR6nrx7StxFMz1jbLbO1ja59C8m9IF6cI4vvAy%2bW6dJW7L43A4FXn29IlApHjjnnjq4lrs%3d&fich=PLOE2027_Parecer+ANMP.pdf&Inline=true | D19: Registado no painel em 2026-10-26 18:43
A20: — | B20: Relatório CFP - Análise da Proposta de Orçamento do Estado para 2027 | C20: https://app.parlamento.pt/webutils/docs/doc.pdf?path=3%2fk%2bg8TKMWryONdGdPw9P9AOCwbR32Zl4rqKSmL5a7ggF1z9Z8c01T%2bzEtPFE4CVDOWR7nM5kp7%2fqpUJiMbo6xz%2bwhxPaGuYEoq2kNDlKc6JC5KVwnCRgwpm54KirCGs5MyVMLOHe82g6DzOALAIS%2bfltTcclEHevn89BXi8tbCrZGwLO11u4BoZ9w%2fccG95KsDIkw2cd%2b2wFtDxvAOBx6tP0IHv4Ilq0fgMhjDMm5jsqoAG%2bl6c6hEb1TkhAuXvx8hiapqRE8TFy53Sx9IqPyWGc6VRx7Lnra%2bvhEZJvOwpA7cxrYVEz0H%2f7Ex2TzDB1%2b6V%2bErzuLEZSOjws%2fTGrNRNu2KRpF6Iu86kaHKFmac%3d&fich=CFP-REL-08-2026_POE2027.pdf&Inline=true | D20: Registado no painel em 2026-10-26 18:43
A21: — | B21: Parecer CFP - Previsões macroeconómicas subjacentes à Proposta de Orçamento do Estado para 2027 | C21: https://app.parlamento.pt/webutils/docs/doc.pdf?path=QS08w0gPFTKQqaK0hnUDNxByJ0fgs6smsC7y90tiBLHp1ZVTB%2fwbW%2b%2fR686TNuvd%2bc%2fkPoYmTYcP1ksOX96ul%2baCRgIspms7qC2mSselXAPxdms67MGox%2bK9Yv4LrWtrk%2bm0cm3Zu0Xfqt5%2fHFYo9hPZ2XdODPZ7IeaOEdo9p%2fjV2mw56wpD2qiNbgpi6%2bd%2baKRIsBei%2fEzyasZ2wOxqXsBEnYkocDquJvv0EVAvg8irlcociBLqRoFBzi4ofxOOxnEAdWYJGWF2LJuyU7E%2bk5ZCVOONJX1AAYL7cHph86EjjGPY6Hns5DoO0wdAeoN75LeD3ixBBllODjdy3MBbAQ%3d%3d&fich=CFP-Parecer-05-2026.pdf&Inline=true | D21: Registado no painel em 2026-10-26 04:39
A22: — | B22: Relatório UTAO - Apreciação preliminar da Proposta de Orçamento do Estado para 2027 | C22: https://app.parlamento.pt/webutils/docs/doc.pdf?path=i8w8bN%2fLuCKcExevGRu8IuUESwBkE8DS0vHHjcAoCziAx993HO0jcnymSBPeLPN5XHnDf%2bhVzBlzugGwnBqqgJ3jvOjJ5AS3bPgxeRRcQB%2fp1PzAJbyBxQqdWeojlnuPtmhL0NxJKrL6PKbV67g5TRjxnVf1iUMexlAIdgEwbFhTzSzEPYQdQ%2f625h8mZJl3UkSo81JeFKJ0tmWT7bcHGsSbV97ECES2xm6HORtkbQipDNAIc0T9cR6%2fXodDsQ4K7jzkHkQ6zk0D7x1sj4t4Hg02swr5bc15ppBA074lu%2bNMhvgSmJwwgo2TfzeqpbFGN5LwQc%2bkZOQ9GzxYNQ4seVUmcOgi%2bsOUBE5TpMAQ9v8%3d&fich=Relat%c3%b3rio+UTAO.pdf&Inline=true | D22: Registado no painel em 2026-10-26 04:19

Sheet Resposta UPE
A1: Resposta da UPE ao modelo da DACDP: o que a captura automática assegura, o que exige desenvolvimento e as limitações
A2: Gerado automaticamente em 27/10/2026, 10h08 UTC a partir da informação publicada pela Assembleia da República. «Imediato»: preenchido em cada captura. «Desenvolvimento»: sugestão automática a validar pela DACDP. «Limitação»: sem fonte na AR.
A4: Campo | B4: Classificação | C4: Como se preenche | D4: Observações
A5: ID | B5: Imediato | C5: Número sequencial atribuído na exportação.
A6: N.º PA | B6: Imediato | C6: AR (dados abertos; reserva: página de cada PA). | D6: Uma PA com várias partes (120C-1, 120C-2) ocupa uma linha por parte, porque a AR as vota separadamente.
A7: Data Entrada | B7: Imediato | C7: AR: data e hora de entrada.
A8: Versão | B8: Limitação | C8: A AR não publica a ligação entre uma PA e a que ela substitui. A coluna recebe «Retirada» quando a AR publica esse estado e «Original» nos restantes casos. | D8: Confirmação pela DACDP.
A9: Partido | B9: Imediato | C9: AR: grupo(s) parlamentar(es) proponente(s). «Vários» quando há mais de um. | D9: Sigla normalizada (CDS-P → CDS-PP).
A10: Deputado/Proponente | B10: Imediato | C10: AR: deputados signatários.
A11: Artigo Alterado | B11: Imediato | C11: AR: artigo ou mapa e natureza (alteração, aditamento, eliminação).
A12: Tipo de PA | B12: Limitação | C12: Sem fonte na AR (a AR publica a natureza da PA: aditamento, substituição, eliminação, na coluna «Tipo (AR)»). | D12: Classificação da DACDP.
A13: Tema | B13: Limitação | C13: A AR atribui um tema próprio (coluna «Tema AR»). A taxonomia da DACDP é preenchida pela DACDP.
A14: Área Governativa | B14: Limitação | C14: Sem fonte na AR. O tema atribuído pela AR (coluna «Tema AR»; em 2026, a comissão parlamentar competente) é a aproximação disponível. | D14: Classificação da DACDP.
A15: Ministério | B15: Limitação | C15: Sem fonte na AR. | D15: Classificação da DACDP.
A16: Descrição Sumária | B16: Imediato (parcial) | C16: AR: título da PA tal como publicado. A DACDP pode reescrever; a UPE não substitui texto já escrito.
A17: Impacto Receita (€) | B17: Limitação | C17: Sem fonte na AR. Só existe quando a UTAO ou o proponente publicam uma estimativa. | D17: A UPE pode extrair o texto da nota justificativa do PDF de cada PA para facilitar a leitura.
A18: Impacto Despesa (€) | B18: Limitação | C18: Idem.
A19: Fonte da Estimativa | B19: Limitação | C19: Idem.
A20: Medida Anunciada (S/N) | B20: Limitação | C20: Sem fonte na AR. Ligação à folha «Medidas Anunciadas» pelo n.º da PA, a cargo da DACDP.
A21: Relevância | B21: Limitação | C21: Juízo da DACDP.
A22: Necessita Análise Jurídica (S/N) | B22: Limitação | C22: Juízo da DACDP.
A23: Estado | B23: Imediato | C23: AR: estado publicado (coluna «Estado (AR)»); a coluna «Estado» recebe o estado da AR, que é o único verificável. | D23: A lista do modelo (Entregue, Admitida, …) não coincide com os estados que a AR publica.
A24: Resultado Votação | B24: Imediato | C24: AR: resultado da última votação, nos valores do modelo (Aprovada, Rejeitada, Prejudicada, Retirada, Aprovada parcialmente).
A25: Sentido de Voto | B25: Imediato | C25: AR: sentido de voto de cada grupo parlamentar, no formato do modelo. | D25: Inclui os deputados únicos representantes de partido.
A26: Data Votação | B26: Imediato | C26: AR: data da última votação.
A27: Observações | B27: Imediato (parcial) | C27: A UPE acrescenta a ligação à ficha da PA e ao PDF, a avocação a Plenário e a nota «ausente da fonte» quando a PA deixa de constar da publicação. O resto é da DACDP.
A28: Medidas Anunciadas (folha) | B28: Limitação | C28: Fora das fontes da AR: fica a cargo da DACDP. A UPE preserva o conteúdo nas sincronizações.
A29: Ponto de Situação (folha) | B29: Imediato | C29: Fórmulas do modelo, alargadas a 5 000 linhas; situação na fonte oficial preenchida pela captura.
A30: Registo de Consultas (folha) | B30: Imediato | C30: Cada captura automática regista fonte, momento, resultado e PA novas.
A31: Calendário e Documentos (folha) | B31: Imediato | C31: Calendário oficial da AR e documentos publicados na página da COFAP.
